station_numbers,station_names,station_addresses,station_pos,station_capacities,status
1,POIDS DE L'HUILE,12 RUE DU POIDS DE L'HUILE,"(1.445475, 43.60419)",19,OPEN
2,LAFAYETTE,21 RUE LAFAYETTE,"(1.445306, 43.604885)",24,OPEN
3,POMME,62 RUE DE LA POMME,"(1.445454, 43.603302)",18,OPEN
4,SAINTE-URSULE,15 RUE SAINTE-URSULE,"(1.442031, 43.602671)",20,OPEN
5,LEDUC,FACE AU 5 RUE RENE LEDUC,"(1.456729, 43.611386)",19,OPEN
6,LOIS,10 RUE DES LOIS,"(1.442323, 43.605161)",18,OPEN
7,PLACE VICTOR HUGO,6 RUE DU REMPART VILLENEUVE,"(1.446507, 43.605777)",25,OPEN
8,ESPACE SAINT-GEORGES,19 RUE PAUL VIDAL,"(1.448118, 43.603205)",25,OPEN
9,MAILLART - ROQUEMAUREL,RUE ROQUEMAUREL / ANGLE 3 RUE ANNE FRANCK,"(1.410505, 43.596069)",18,OPEN
10,PLACE ESQUIROL,15 PL ETIENNE ESQUIROL,"(1.444659, 43.600348)",44,OPEN
11,PLACE DE LA DAURADE,2 PL DE LA DAURADE,"(1.440368, 43.601888)",23,OPEN
12,PARGAMINIERES,66 RUE PARGAMINIERES,"(1.44002, 43.60459)",11,OPEN
13,LOIS - ESQUILE,1 RUE DE L ESQUILE,"(1.44135, 43.606146)",15,OPEN
14,PERIGORD,26 RUE DE PERIGORD,"(1.444699, 43.60742)",17,OPEN
15,PONT MONTAUDRAN,FACE AU 5 PORT SAINT-SAUVEUR,"(1.456584, 43.596411)",20,OPEN
16,STRASBOURG - BAYARD,32 BD DE STRASBOURG,"(1.446666, 43.607847)",21,OPEN
17,STRASBOURG - SARDANE,7 BD DE STRASBOURG,"(1.44769, 43.606499)",23,OPEN
18,STRASBOURG - JEAN JAURES,4 BD DE STRASBOURG,"(1.44813, 43.606346)",25,OPEN
19,CARNOT - SEPT TROUBADOURS,1 RUE DES 7 TROUBADOURS,"(1.449267, 43.605503)",24,OPEN
20,CARNOT - TROIS JOURNEES,69 BD LAZARE CARNOT,"(1.449586, 43.604677)",27,OPEN
21,CARNOT - LABEDA,63 BD LAZARE CARNOT,"(1.450158, 43.604079)",25,OPEN
22,CARNOT - PLACE ROLAND,24 BD LAZARE CARNOT,"(1.451719, 43.602914)",20,OPEN
23,COMBATTANTS,6 BD LAZARE CARNOT,"(1.452038, 43.601372)",26,OPEN
24,PLACE SAINT-ETIENNE,14 PL SAINT-ETIENNE,"(1.449273, 43.600055)",22,OPEN
25,PLACE ROUAIX,1 RUE DES TOURNEURS,"(1.445544, 43.599525)",18,OPEN
26,DALBADE - DE GORSSE,9 RUE HENRY DE GORSSE,"(1.443002, 43.597941)",22,OPEN
27,QUAI DE TOUNIS,20 M APRES 122 QUAI DE TOUNIS,"(1.440387, 43.598966)",22,OPEN
28,PLACE SAINT-PIERRE,2 PLACE SAINT-PIERRE,"(1.436034, 43.603228)",22,OPEN
29,VALADE,31 RUE VALADE,"(1.437386, 43.605031)",21,OPEN
30,PLACE ANATOLE FRANCE,40 PL ANATOLE FRANCE,"(1.438341, 43.606241)",25,OPEN
31,SALENQUES,7 RUE DES SALENQUES,"(1.439453, 43.607369)",20,OPEN
32,MUSEE SAINT-RAYMOND,2 PLACE SAINT-SERNIN / ANGLE 2 RUE DES 3 RENARDS,"(1.441304, 43.607608)",12,OPEN
33,BERALDI,11 RUE HENRI BERALDI,"(1.4436, 43.608605)",15,OPEN
34,SAINT-LAZARE - BOSC,15 RUE JOSEPH BOSC,"(1.445681, 43.609766)",22,OPEN
35,PLACE JEANNE D'ARC,1 RUE RAYMOND IV,"(1.446881, 43.609602)",25,OPEN
36,PLACE SCHUMAN,5 PL ROBERT SCHUMAN,"(1.449431, 43.609622)",19,OPEN
37,SAINTE-LUCIE,53 RUE SAINTE-LUCIE,"(1.430039, 43.593516)",18,OPEN
38,JAURES - BACHELIER,54 ALLEE JEAN JAURES,"(1.451244, 43.607222)",32,OPEN
39,PLACE DAMLOUP,9 PL DE DAMLOUP,"(1.452805, 43.605855)",19,OPEN
40,COLOMBETTE,41 RUE DE LA COLOMBETTE,"(1.453659, 43.604565)",16,OPEN
41,SAINT-AUBIN - CAMICHEL,1 RUE CHARLES CAMICHEL,"(1.454367, 43.602708)",21,OPEN
42,DAURIAC - ESCANDE,3 BD PR LEOPOLD ESCANDE / FACE ASSURANCE MALADIE HG,"(1.456158, 43.601607)",20,OPEN
43,DUPUY,14 PL DOMINIQUE MARTIN DUPUY,"(1.454764, 43.600188)",22,OPEN
44,PALAIS NIEL,1 ALL FORAIN FRANCOIS VERDIER,"(1.451609, 43.597825)",22,OPEN
45,OZENNE,10 RUE THEODORE OZENNE,"(1.447081, 43.596314)",19,OPEN
46,PLACE DES CARMES,1 PL DES CARMES,"(1.445314, 43.597364)",20,OPEN
47,NAZARETH - LANGUEDOC,12 RUE DU LANGUEDOC,"(1.445416, 43.595247)",30,OPEN
48,PLACE DU SALIN,18 PL DU SALIN,"(1.443822, 43.594461)",32,OPEN
49,PLACE DU PONT NEUF,DEVANT 12 PLACE DU PONT NEUF,"(1.440942, 43.599598)",24,OPEN
50,GARONNETTE,1 AV MAURICE HAURIOU,"(1.44095, 43.594359)",23,OPEN
51,DUPORTAL - BRIENNE,1 BD ARMAND DUPORTAL,"(1.434502, 43.605618)",18,OPEN
52,DUPORTAL - CITE ADMIN,39 BD ARMAND DUPORTAL,"(1.434762, 43.608571)",21,OPEN
53,PLACE SAINT-JULIEN,PLACE SAINT JULIEN,"(1.436965, 43.608639)",25,OPEN
54,CHAINE,10 RUE DE LA CHAINE,"(1.439461, 43.608674)",17,OPEN
55,SAINT-SERNIN - G. ARNOULT,2 RUE GATIEN ARNOULT,"(1.441105, 43.609022)",15,OPEN
56,SAINT-SERNIN - MERLY,1 RUE MERLY,"(1.442749, 43.609191)",15,OPEN
57,MERLY - ARCOLE,15 RUE MERLY,"(1.442975, 43.6103)",15,OPEN
58,CONCORDE - ARCOLE,4 RUE DE LA CONCORDE,"(1.443637, 43.610663)",25,OPEN
59,CONCORDE,61 RUE DE LA CONCORDE,"(1.446395, 43.613442)",19,OPEN
60,ROQUELAINE,32 PL ROQUELAINE,"(1.448286, 43.612615)",24,OPEN
61,BONREPOS,12 BD DE BONREPOS,"(1.452593, 43.611052)",40,OPEN
62,JAURES - STALINGRAD,81 ALLEE JEAN JAURES,"(1.453549, 43.609216)",24,OPEN
63,PISCINE LEO LAGRANGE,54 RUE DES SEPT TROUBADOURS,"(1.454329, 43.607468)",22,OPEN
64,PERI - MERCADIER,30 RUE GABRIEL PERI,"(1.455005, 43.606208)",24,OPEN
65,VERDIER - GRAND ROND,2 ALL FORAIN FRANCOIS VERDIER,"(1.452596, 43.596904)",27,OPEN
66,JARDIN ROYAL,RUE DU 8 MAI 1945 / FACE JARDIN ROYAL,"(1.45104, 43.596419)",23,OPEN
67,MUSEUM,35 ALL JULES GUESDE,"(1.449176, 43.594812)",22,OPEN
68,METRO - PALAIS DE JUSTICE,1 BIS ALLEE JULES GUESDE,"(1.444726, 43.592782)",16,OPEN
69,FEUGA,11 ALL PAUL FEUGA,"(1.442463, 43.592388)",18,OPEN
70,FER A CHEVAL,5 PLACE DU FER A CHEVAL,"(1.434121, 43.592366)",18,OPEN
71,COURS DILLON,3 RUE LAGANNE,"(1.435062, 43.593227)",22,OPEN
72,FITTE - CUGNAUX,23 ALL CHARLES DE FITTE,"(1.432503, 43.59522)",20,OPEN
73,FITTE - TEINTURIERS,40 ALLEE CHARLES DE FITTE,"(1.432158, 43.596294)",16,OPEN
74,LAGANNE - TEINTURIERS,37 RUE LAGANNE,"(1.436229, 43.596667)",18,OPEN
75,CHATEAU D'EAU,12 PLACE LAGANNE,"(1.436594, 43.59859)",21,OPEN
76,RECLUSANE - PL. OLIVIER,"PLACE OLIVIER, DEVANT N°1 RUE  RECLUSANE","(1.434043, 43.598478)",16,OPEN
77,PLACE INT - SAINT-CYPRIEN,2 PL INTERIEURE SAINT-CYPRIEN,"(1.431619, 43.59778)",13,OPEN
78,PLACE INT - SAINT-CYPRIEN - DARRE,14 PL INTERIEURE ST CYPRIEN,"(1.431382, 43.598124)",17,OPEN
79,PLACE LANGE,1 PL LANGE,"(1.434129, 43.601016)",20,OPEN
80,FITTE - VARSI,89B ALLEE CHARLES DE FITTE,"(1.429338, 43.599637)",23,OPEN
81,JARDIN RAYMOND VI,ALLEE CHARLES DE FITTE / FACE JARDIN RAYMOND VI,"(1.429521, 43.599797)",33,OPEN
82,SEJOURNE - CATALANS,1 AV PAUL SEJOURNE,"(1.428054, 43.605804)",21,OPEN
83,SEJOURNE - AMIDONNIERS,2 AV PAUL SEJOURNE,"(1.428225, 43.605687)",17,OPEN
84,BRIENNE - MANUFACTURE,19T ALL DE BRIENNE,"(1.432485, 43.605381)",24,OPEN
85,MARECHAL LECLERC,2 BD DU MARECHAL LECLERC,"(1.430615, 43.606847)",22,OPEN
86,HERACLES - BEARNAIS,23 RUE DU BEARNAIS,"(1.428585, 43.608004)",20,OPEN
87,LASCROSSES - LECLERC,47 BD LASCROSSES,"(1.432157, 43.609277)",25,OPEN
88,DUPORTAL - LASCROSSES,17T BD LASCROSSES,"(1.434974, 43.61009)",25,OPEN
89,ESP COMPANS-CAFFARELLI,1 ESP COMPANS-CAFFARELLI,"(1.436704, 43.611073)",22,OPEN
90,LASCROSSES - PLACE ARNAUD BERNARD,3B BD LASCROSSES,"(1.438093, 43.611271)",25,OPEN
91,ARCOLE - BALANCE,48 BD D'ARCOLE,"(1.439662, 43.611556)",21,OPEN
92,CHALETS,31 RUE DES CHALETS,"(1.441326, 43.613149)",15,OPEN
93,PRINTEMPS,57 RUE DU PRINTEMPS,"(1.443571, 43.614574)",17,OPEN
94,SEMARD GARE ROUTIERE,76 BD DE LA GARE,"(1.451158, 43.614083)",25,OPEN
95,THEATRE GARONNE,4 AV DU CHÂTEAU D'EAU,"(1.425347, 43.602426)",22,OPEN
96,MEDIATHEQUE,50 RUE DU GENERAL COMPANS,"(1.455212, 43.609757)",25,OPEN
97,RAYMOND IV,FACE AU 66 RUE RAYMOND IV,"(1.451558, 43.612475)",21,OPEN
98,PONT DES DEMOISELLES,80 ALL DES DEMOISELLES,"(1.459838, 43.58771)",22,OPEN
99,REMPART SAINT-ETIENNE,7 RUE DU REMPART ST ETIENNE,"(1.45065484986121, 43.6008250248339)",16,OPEN
100,PORT SAINT-SAUVEUR,16 ALL PAUL SABATIER,"(1.45564, 43.596652)",20,OPEN
101,CAPT PORT SAINT-SAUVEUR,5 PORT SAINT-SAUVEUR / ESPLANADE DE LA CAPITAINERIE,"(1.45588, 43.594493)",20,OPEN
102, MISTRAL - FLEURANCE,18 ALLEE FREDERIC MISTRAL,"(1.453066, 43.593567)",19,OPEN
103,SAINT-MICHEL - SAINTE-CATHERINE,139 GRANDE RUE SAINT-MICHEL,"(1.445247, 43.590655)",20,OPEN
104,MURET - RAPAS,219 AV DE MURET,"(1.431449, 43.589126)",18,OPEN
105,BILLIERE - CHAMPETRE,12  AV  ETIENNE  BILLIERES,"(1.428891, 43.597539)",19,OPEN
106,BRIENNE - PASSERELLE,99 ALL DE BRIENNE,"(1.423848, 43.608424)",21,OPEN
107,SEBASTOPOL,1 RUE DE SEBASTOPOL,"(1.430401, 43.60962)",27,OPEN
108,SEBASTOPOL - RITAY,40 RUE SEBASTOPOL,"(1.428827, 43.612279)",20,OPEN
109,METRO - CANAL DU MIDI,1 BD DE LA MARQUETTE,"(1.434944, 43.615275)",25,OPEN
110,CABANEL - SERRES,16 RUE ALEXANDRE CABANEL,"(1.437999, 43.614227)",18,OPEN
111,MINIMES - PASSERELLE,38B BD DES MINIMES,"(1.442937, 43.615273)",27,OPEN
112,PLACE RUSSELL - BRANLY,47 ALLEE BRANLY,"(1.453014, 43.585409)",20,OPEN
113,DUMERIL - LAMARCK,FACE 58 RUE DUMERIL,"(1.449015, 43.592349)",20,OPEN
114,MONTPLAISIR - CANAL,8 BD MONPLAISIR,"(1.457925, 43.592438)",20,OPEN
115,DEMOISELLES - MISTRAL,8 ALL DES DEMOISELLES,"(1.453224, 43.590692)",18,OPEN
116,SAINT-MICHEL - NOTRE DAME,50 GRANDE RUE SAINT-MICHEL,"(1.446446, 43.588178)",15,OPEN
117,BILLIERES - POSTE,39 AVENUE ETIENNE BILLIERES,"(1.426109, 43.596889)",20,OPEN
118,PLACE DU BUSCA,PLACE DU BUSCA / FACE ECOLE JEAN JAURES,"(1.451003, 43.588588)",17,OPEN
119,BRIENNE - CHAPOU,129 ALL DE BRIENNE,"(1.419568, 43.610005)",24,OPEN
120,BARCELONE - PONTS JUMEAUX,152 ALL DE BARCELONE,"(1.420407, 43.610343)",18,OPEN
121,SERRES - A.BERNARD,33 AV HONORE SERRES,"(1.438268, 43.612627)",17,OPEN
122,PASSERELLE HAEDENS,57 BD DE L EMBOUCHURE,"(1.430339, 43.613504)",19,OPEN
123,CHAUSSAS - EMBOUCHURE,1 RUE DE CHAUSSAS,"(1.432909, 43.61497)",23,OPEN
124,EGLISE DES MINIMES,27 AV DES MINIMES,"(1.436857, 43.618287)",19,OPEN
125,BARRIERE DE PARIS,FACE AU 2 BARRIERE DE PARIS,"(1.434129, 43.627017)",25,OPEN
126,ECOLE BONNEFOY,18 RUE BONNEFOY,"(1.454243, 43.616939)",22,OPEN
127,BEGUE - DEMOISELLES,1 RUE BEGUE,"(1.455967, 43.589802)",15,OPEN
128,PRISON SAINT-MICHEL,18 B GRANDE RUE ST MICHEL,"(1.447374, 43.58585)",23,OPEN
129,CROIX DE PIERRE,2 BD DEODAT DE SEVERAC,"(1.427853, 43.585732)",16,OPEN
130,BILLIERES - PATTE D OIE,66 TER AV ETIENNE BILLIERES,"(1.424382, 43.596716)",15,OPEN
131,BERNIES - ROUTE DE BLAGNAC,15 RUE PAUL BERNIES,"(1.414669, 43.611584)",19,OPEN
132,MINIMES - BAQUE,101 AVENUES DES MINIMES,"(1.434449, 43.622966)",19,OPEN
133,MARCHE AUX COCHONS,71 AV DES MINIMES,"(1.435612, 43.620693)",22,OPEN
134,EGLISE BONNEFOY,8 ALLEE DE L'EGLISE BONNEFOY,"(1.456759, 43.619031)",19,OPEN
135,BONNEFOY - LEMAITRE,179 RUE DU FAUBOURG BONNEFOY,"(1.458647, 43.622963)",18,OPEN
136,FONTAINES,FACE 175 RUE DES FONTAINES,"(1.414772, 43.60202)",15,OPEN
137,BRUNHES - FONTAINES,68 BD JEAN BRUNHES FACE AU 53,"(1.420165, 43.600473)",15,OPEN
138,BARRIERE DE BAYONNE,3 BD JEAN BRUNHES,"(1.420144, 43.597908)",20,OPEN
139,BARRIERE DE LOMBEZ,39 BIS AV DE LOMBEZ,"(1.418503, 43.595503)",25,OPEN
140,PLACE EMILE MALE,PLACE EMILE MALE,"(1.418768, 43.591661)",29,OPEN
141,FONTAINE LESTANG,237 RUE HENRI DESBALS,"(1.417918, 43.587389)",18,OPEN
142,LYCEE DEODAT DE SEVERAC,FACE AU 65 BD DEODAT DE SEVERAC,"(1.42436, 43.588046)",20,OPEN
143,DESBALS - SAINTONGE,PL GENEVIEVE ANTHONIOZ DE GAULLE / ANGLE RUE HENRY DESBALS,"(1.413607, 43.581384)",20,OPEN
144,SUISSE - LAUSANE,62 BD DE SUISSE,"(1.42163, 43.615988)",22,OPEN
145,GOUNOD - GARROS,29 RUE ROLAND GARROS,"(1.424953, 43.613881)",20,OPEN
146,SANG DE SERP - DAGNAUX,57 CHEMIN DU SANG DE SERP,"(1.428308, 43.61567)",20,OPEN
147,CHAUSSAS - DAUDET,96 RUE DE CHAUSSAS,"(1.429176, 43.619704)",20,OPEN
148,COLLIGNON,5 AV DE COLLIGNON,"(1.444112, 43.61657)",19,OPEN
149,RAISIN - MINIMES,FACE 2 CHEMIN DU RAISIN,"(1.448573, 43.61539)",22,OPEN
150,CURIE - CAMPISTRON,78 BD PIERRE ET MARIE CURIE,"(1.439513, 43.62563)",18,OPEN
151,CURIE - NEGRENEYS,27 BD PIERRE ET MARIE CURIE,"(1.443326, 43.624514)",24,OPEN
152,MAZADES,10 AV DES MAZADES,"(1.438463, 43.624114)",20,OPEN
153,BOURGES MAUNOURY,12 AV BOURGES MAUNOURY,"(1.448469, 43.628672)",18,OPEN
154,GALLOIS,50 M AVANT 4 RUE DES GALLOIS,"(1.441706, 43.589928)",20,OPEN
155,RECOLLETS,34 BD DES RECOLLETS,"(1.443299, 43.583787)",20,OPEN
156,METRO EMPALOT,38 AV JEAN MOULIN FACE DEBOUCHE RUE DE CANNES,"(1.44184, 43.579666)",18,OPEN
157,URSS - PEYROUSET,16 AV DE L'U.R.S.S,"(1.448578, 43.58295)",19,OPEN
158,URSS - SAINT-THOMAS D'AQUIN,57 AV DE L'URSS,"(1.449198, 43.580915)",20,OPEN
159,U.R.S.S DEVIC,96 AV JULES JULIEN,"(1.450234, 43.578572)",20,OPEN
160,THEATRE JULES JULIEN,21 AV DES ECOLES JULES JULIEN,"(1.452405, 43.57337)",17,OPEN
161,RANGUEIL - BEDOUCE,35 AV DE RANGUEIL,"(1.454742, 43.576773)",15,OPEN
162,PLACE D'ITALIE,FACE 49 AV D' ITALIE,"(1.45486, 43.580296)",17,OPEN
163,BEDOUCE - MIDI,115 AV ALBERT BEDOUCE,"(1.462341, 43.581506)",20,OPEN
164,BEDOUCE - SAOUZELONG,FACE 79 AV ALBERT BEDOUCE,"(1.460126, 43.579846)",20,OPEN
165,PLACE DES AVIONS,33 AVENUE DES AVIONS,"(1.460189, 43.57688)",15,OPEN
166,METRO RANGUEIL - GUYOU,23 RUE GUYOU,"(1.462367, 43.57421)",20,OPEN
167,LAPUJADE - FLANDRES,RUE LAPUJADE / ANGLE RUE DES FLANDRES,"(1.454685, 43.624202)",18,OPEN
168,PLACE BILA - ROUTE D'ALBI,FACE 3 PL BILA,"(1.458835, 43.626597)",20,OPEN
169,ROUTE D'ALBI - JAFFARY,65 RTE D'ALBI,"(1.463081, 43.632532)",17,OPEN
170,ROUTE D'ALBI - NICOL,FACE 163 CHE NICOL,"(1.464289, 43.635586)",17,OPEN
171,ROUTE D ALBI - PELET,191 RTE D'ALBI,"(1.466458, 43.641034)",18,OPEN
172,NETWILLER - LAFFORGUE,RD-PT DE L'ABBE LAFFORGUE ANGLE RUE HENRI EBELOT,"(1.461124, 43.642859)",20,OPEN
173,MAUNOURY - SEGLA,25 AV MAURICE BOURGES MAUNOURY,"(1.450638, 43.633171)",19,OPEN
174,MAUNOURY - MELAT,41 AV MAURICE BOURGES MAUNOURY,"(1.452615, 43.63694)",19,OPEN
175,METRO BORDEROUGE - MAUNOURY,FACE 52 AV BOURGES MAUNOURY,"(1.452569, 43.639633)",30,OPEN
176,GENERAL COMPANS,1 RUE DU GENERAL COMPANS,"(1.458143, 43.606701)",18,OPEN
177,BAILLAUD - BRUNAUD,64 RUE BAILLAUD,"(1.465428, 43.617458)",20,OPEN
178,BRUNAUD - PLANA,FACE 100 AV YVES BRUNAUD,"(1.468681, 43.619291)",20,OPEN
179,CASSAING - PLANA,5 CH CASSAING,"(1.473616, 43.616938)",17,OPEN
180,PLACE DE SOUPETARD,3 PLACE DE SOUPETARD,"(1.477347, 43.612162)",18,OPEN
181,PLANA - GARNIER,27 AV LOUIS PLANA,"(1.479898, 43.609275)",17,OPEN
182,CHAUBET,FACE 155 AV JEAN CHAUBET,"(1.481742, 43.60592)",20,OPEN
183,RUE DE CUGNAUX,RUE DE CUGNAUX,"(1.424313, 43.593147)",18,OPEN
184,MICHOUN,70 CHEMIN MICHOUN,"(1.469293, 43.62724)",20,OPEN
185,ROUBICHOU - ARLES,30 RUE ROUBICHOU,"(1.465538, 43.627108)",15,OPEN
186,DESBALS - BOUALAM,1 IMPASSE BACHAGA BOUALAM,"(1.410939, 43.579171)",18,OPEN
187,DESBALS - MONT DORE,187 RUE HENRI DESBALS,"(1.415683, 43.58456)",17,OPEN
188,MURET - LAFAGE,121 AVENUE DE MURET,"(1.427597, 43.584339)",20,OPEN
189,MURET - BOUTINON,44 AVENUE DE MURET,"(1.425713, 43.581816)",20,OPEN
190,ESPAGNE - LES OUSTALOUS,39 RTE D'ESPAGNE,"(1.423953, 43.577437)",20,OPEN
191,RUE DU 14 JUILLET - ROUTE DE SAINT-SIMON,395 ROUTE DE SAINT SIMON,"(1.415246, 43.590046)",18,OPEN
192,ROUTE DE ST SIMON - PRADO,355 ROUTE DE SAINT-SIMON,"(1.409785, 43.587845)",20,OPEN
193,LOMBEZ - PETITE VITESSE,59 AV DE LOMBEZ,"(1.415088, 43.59487)",20,OPEN
194,LOMBEZ - HIPPODROME,138 AV DE LOMBEZ,"(1.410268, 43.593974)",20,OPEN
195,LARROUSSE - RIEUX,FACE 15 RUE PIERRE LAROUSSE,"(1.459063, 43.597355)",18,OPEN
196,GOUJON - GUILHEMERY,6 RUE JEAN GOUJON,"(1.458019, 43.601719)",20,OPEN
197,CASERNE PERIGNON,6 AV LOUIS BLERIOT,"(1.464039, 43.600361)",20,OPEN
198,LAFILAIRE - DELTOUR,FACE 25 CHEMIN LAFILAIRE,"(1.473375, 43.596193)",20,OPEN
199,DELTOUR - RIEUX,4 BD DELTOUR,"(1.470014, 43.591484)",22,OPEN
200,PLACE DE L'ORMEAU,FACE 345 AV JEAN RIEUX,"(1.483297, 43.579481)",17,OPEN
201,POTEZ -SAINT-EXUPERY,256 AV ANTOINE DE ST EXUPERY,"(1.480838, 43.579763)",18,OPEN
202,SAINT-EXUPERY - COURREGE,165 AV ANTOINE DE ST EXUPERY,"(1.475865, 43.581632)",17,OPEN
203,SAINT-EXUPERY - PETIT PRINCE,2 AV ANTOINE DE ST EXUPERY,"(1.470033, 43.58355)",20,OPEN
204,PLACE ROGER ARNAUD,PL ROGER ARNAUD,"(1.463178, 43.586859)",18,OPEN
205,COTTAGE - RIEUX,58 AV DES COTTAGES,"(1.475057, 43.585924)",18,OPEN
206,LEYGUE - RIEUX,20 AV ARMAND LEYGUE,"(1.465197, 43.594117)",18,OPEN
207,CHRIST ROI,FACE 25 RUE DE L AUDE,"(1.481757, 43.583202)",17,OPEN
208,LIMAYRAC - DARASSE,RD-PT ALL DE LIMAYRAC / ANGLE RUE DARASSE,"(1.480065, 43.591199)",18,CLOSED
209,BAROUX - DARASSE,4 AV LUCIEN BAROUX,"(1.4789, 43.589557)",18,OPEN
210,TERRASSE - CENTRE COMMERCIAL,FACE 42 CHE DE LA TERRASSE,"(1.482942, 43.586086)",18,OPEN
211,LE DORMEUR - LA TERRASSE,9 RUE LE DORMEUR,"(1.487795, 43.583511)",18,OPEN
212,CHAUMIERE - CHIRAC,RUE DE LA CHAUMIERE / 50 M APRES RD-PT DU CAPITAINE DREYFUS,"(1.465444, 43.6152)",17,OPEN
213,PUJOL - CHAUBET,129 AV DE CASTRES,"(1.467249, 43.600704)",17,OPEN
214,CASTRES - ACHIARY,48 AV DE CASTRES,"(1.473579, 43.600828)",17,OPEN
215,METRO ARGOULETS,FACE 8 RUE DE GAILLAC,"(1.475935, 43.623823)",20,OPEN
216,ARGOULETS - HOUDON,3 RUE JEAN HOUDON,"(1.474083, 43.622823)",17,OPEN
217,AMOUROUX - SAINT-TROPEZ,42 CHEMIN AMOUROUX,"(1.466259, 43.629655)",18,OPEN
218,AMOUROUX - SAINTE-AUGUSTINE,24 BIS CHE AMOUROUX,"(1.461861, 43.627643)",18,OPEN
219,PUCCINI - ROUTE DE BLAGNAC,35 RUE GIACOMO PUCCINI,"(1.411161, 43.614514)",18,OPEN
220,TABAR - UNIVERSITE JEAN JAURES,3 RUE DE L'UNIVERSITE,"(1.402211, 43.574466)",19,OPEN
221,VAUQUELIN,FACE 85 RUE VAUQUELIN,"(1.406355, 43.576221)",20,OPEN
222,CAMBOU - ROCHE,15 AV DU COLONEL ROCHE,"(1.474416, 43.563894)",20,OPEN
223,ENAC,7 AV EDOUARD BELIN ANGLE AV ROCHE RD-PT GUY DU MERLE,"(1.478297, 43.565079)",22,OPEN
224,CAMPUS SUPAERO,10 AV EDOUARD BELIN FACE CHATEAU D'EAU CREPS RD-PT JEAN LAGASSE,"(1.475301, 43.56644)",20,OPEN
225,BELIN - ONERA,4 AV EDOUARD BELIN DEVANT ONERA FACE AU CREPS,"(1.473463, 43.570117)",20,OPEN
226,FONTAINES - CASSELARDIT,FACE 287 RUE DES FONTAINES ANGLE AV DE CASSELARDIT,"(1.407267, 43.604159)",17,OPEN
227,METRO UPS - TELEO,118  RTE DE NARBONNE,"(1.462928, 43.561074)",32,OPEN
228,METRO FACULTE DE PHARMACIE,FACE 35 CHEMIN DES MARAICHERS,"(1.464353, 43.568165)",18,OPEN
229,RANGUEIL IUT,129 AV DE RANGUEIL,"(1.462732, 43.57141)",18,OPEN
230,RANGUEIL TRIPODE B,141 AV DE RANGUEIL,"(1.467715, 43.567307)",20,OPEN
231,NARBONNE MARFAING,FACE 215 RTE DE NARBONNE ANGLE ALL EMILE DURAND,"(1.46541, 43.557264)",20,OPEN
232,NARBONNE - MIROUSE,73 RTE DE NARBONNE,"(1.456292, 43.569089)",15,OPEN
233,NARBONNE - SAHUQUE,FACE 88 RTE DE NARBONNE STATION ESSO,"(1.458648, 43.566528)",20,OPEN
234,LOUIN - RAYNAL,50M APRES 4 RUE PIERRETTE LOUIN,"(1.451413, 43.628145)",15,OPEN
235,METRO LAVACHE - VERLAINE,FACE AU 8 RUE PAUL VERLAINE,"(1.435519, 43.633454)",19,OPEN
236,TOEC - LEMIRE,RUE DE L'ABBE JULES LEMIRE ANGLE VOIE DU TOEC,"(1.403694, 43.597322)",20,OPEN
237,CNRS,16 BIS AV EDOUARD BELIN FACE CNRS,"(1.480912, 43.562273)",20,OPEN
238,HERBETTES - BUTTE,FACE 48/58 CHEMIN DE LA BUTTE,"(1.47313, 43.579341)",17,OPEN
239,LESPINET - HERBETTES,ANGLE AVENUE DE LESPINET ET RUE GEORGES BIDAULT,"(1.470245, 43.576637)",25,OPEN
240,PLACE JOB - RTE DE BLAGNAC,FACE 103 BIS ROUTE DE BLAGNAC,"(1.408383, 43.616945)",18,CLOSED
241,ESPAGNE - CHARPENTIER,57 RTE D'ESPAGNE,"(1.424227, 43.575101)",20,OPEN
242, RAIMBAUD - COLETTE,RUE RAIMBAUD ANGLE RUE COLETTE,"(1.437609, 43.633734)",16,OPEN
243,ETATS-UNIS - FERRY,FACE 97 AV DES ETATS-UNIS ANGLE JULES FERRY,"(1.431732, 43.632734)",17,OPEN
244,RENAN - VITRY,93 RUE ERNEST RENAN ANGLE RUE VITRY,"(1.443828, 43.635856)",18,OPEN
245,GRANDE-BRETAGNE - BADIOU,103 BIS AV DE GRANDE BRETAGNE ANGLE RUE BADIOU,"(1.415372, 43.599732)",20,OPEN
246,WAGNER - BRUNHES,29 BD RICHARD WAGNER ANGLE BD JEAN BRUNHES,"(1.420002, 43.603842)",20,OPEN
247,LAUNAGUET - AUDIBERT,FACE 112 RTE DE LAUNAGUET,"(1.438984, 43.636446)",18,OPEN
248,BOUQUETINS - ROSTAND,RUE DES BOUQUETINS ANGLE RUE EDMOND ROSTAND,"(1.448524, 43.641013)",20,OPEN
249,CROIX-DAURADE,147 RTE D'ALBI,"(1.464879, 43.637842)",19,OPEN
250,11 NOVEMBRE,RUE DU 11 NOVEMBRE FACE 45 RUE DU 14 JUILLET,"(1.414659, 43.593052)",18,OPEN
251,BLUM - JOUHAUX,26 AV LEON BLUM ANGLE RUE LEON JOUHAUX,"(1.461721, 43.61432)",15,OPEN
252,NEGRENEYS - CASENEUVE,161/163 AV DE NEGRENEYS SUR ILOT CENTRAL,"(1.444024, 43.626842)",16,OPEN
253,ETATS-UNIS - ROBERT,FACE 74 AV DES ETATS-UNIS (GARAGE RENAULT TOULOUSE),"(1.43234, 43.630519)",20,OPEN
254,LOT - VESTREPAIN,RUE DU LOT / 100M AVANT LA RUE VESTREPAIN,"(1.407055, 43.583264)",18,OPEN
255,HENRI SELLIER,2 RUE DES MOUETTES / ANGLE ALL HENRI SELLIER,"(1.440049, 43.576893)",16,OPEN
256,PLACE DE LA RONTONDE,FACE 176 AV DE CASTRES,"(1.48398, 43.59643)",18,OPEN
257,CHATEAU DE L'HERS,CH DU CHATEAU DE L'HERS / ANGLE CH FONTANELLES,"(1.48356, 43.600712)",16,OPEN
258,CAMBARD,BD ATLANTA / ANGLE RUE CAMBARD,"(1.476186, 43.629395)",18,OPEN
259,PLACE RICHE,PL PAUL RICHE A COTE 231 AV DE FRONTON,"(1.43286, 43.647504)",20,OPEN
260,DUCLOS - FRONTON,RUE LEONCE DUCLOS / ANGLE AV DE FRONTON FACE 26 IMP DU BARON,"(1.433998, 43.644963)",18,OPEN
261,VAN DYCK - LAUNAGUET,DEVANT 6 RUE VAN DICK / FACE RUE RAPHAEL,"(1.440154, 43.640631)",18,OPEN
262,ROND POINT CHEMIN DE BORDEROUGE,26 CH DE BORDEROUGE,"(1.456273, 43.642562)",18,OPEN
263,LYCEE POLYVALENT,87 AV JEAN BAYLET / ANGLE CHEMIN CEPIERES SUR PARKING LYCEE POLYVALENT,"(1.398745, 43.584444)",18,OPEN
264,LAFOURGUETTE,PLACE DES GLIERES,"(1.410324, 43.565027)",18,OPEN
265,PASSAGE BORDELONGUE,PASSAGE DU CANAL DE BORDELONGUE FACE 251 RTE DE SEYSSES,"(1.413363, 43.568038)",18,OPEN
266,TOURAINE,38 RUE DE LA TOURAINE,"(1.41394, 43.573708)",20,OPEN
267,GONIN,2 IMP GASTON GENIN ANGLE RUE CLAUDE GONIN,"(1.483924, 43.573895)",16,OPEN
268,PLACE BAYLAC,PL DU DR JOSEPH BAYLAC ANGLE AV DES ARENES ROMAINES,"(1.397192, 43.608597)",22,OPEN
269,PLACE SAUVEGRAIN,PL JACQUES SAUVEGRAIN / ANGLE AV DE LARDENNES,"(1.377827, 43.589921)",18,OPEN
270,SILVIO TRENTIN,RUE JULES VERNE / ANGLE FACE 40 BD SILVIO TRENTIN,"(1.427823, 43.623998)",16,OPEN
271,ANCELY,FACE 151 AV DES ARENES ROMAINES,"(1.396986, 43.619301)",20,OPEN
272,ANDRE VASSEUR,BD ATLANTA / FACE 31 RUE ANDRE VASSEUR,"(1.472855, 43.635421)",17,OPEN
273,PASSERIEU - SAINT-SIMON,RD PT LOUIS IZAR / ANGLE AV LOUIS ARISTE PASSERIEU,"(1.392596, 43.579135)",18,OPEN
274,GALLIENI,FACE 296 RTE DE SEYSSES / HALTE SNCF GALLIENI - CANCEROPOLE,"(1.419495, 43.573998)",18,OPEN
275,PLACE DES PRADETTES,41 AV LOUIS ARISTE PASSERIEU / PL DES PRADETTES,"(1.388774, 43.58144)",17,OPEN
276,MARIN REBOUL,FACE 1 CHEMIN DU MARIN,"(1.379769, 43.581463)",18,OPEN
277,ZAMENHOF,10/12 RUE ZAMENHOF,"(1.377279, 43.585431)",18,OPEN
278,ARENES ROMAINES,RD PT ANGLE AV DES ARENES ROMAINES RUE JEAN ESPITALIER,"(1.397008, 43.614159)",18,OPEN
279,GUY ESPAGNO,AV DE CASSELARDIT / ANGLE AV DU PR GUY ESPAGNO,"(1.401417, 43.613555)",18,OPEN
280,CHARBONNIERE,RUE DE LA CHARBONNIERE ENTRE IMP AMPERE ET RUE DES PALMIERS,"(1.448768, 43.573732)",18,OPEN
281,NIEL,FACE 80 RUE SAINT ROCH / ANGLE AC DU 14EME REGIMENT D'INFANTERIE,"(1.446733, 43.578687)",18,OPEN
282,RICHARD WAGNER,BD RICHARD WAGNER / ANGLE RUE ANTONIO VIVALDI,"(1.414755, 43.606115)",18,OPEN
283,PLACE MICOULEAU,12 RUE DU COL PAUL PAILLOLE PL MICOULEAU,"(1.444344, 43.638055)",20,OPEN
284,METRO ARGOULETS - AGDE,67 RTE D'AGDE / RD PT DAVID FREIMAN,"(1.477098, 43.627013)",15,OPEN
285,METRO BALMA GRAMONT,METRO GRAMONT / ANGLE RUE SAINT JEAN,"(1.482629, 43.628659)",18,OPEN
287,STADE ERNEST-WALLON - STADE TOULOUSAIN,114 RUE DES TROENES / ANGLE STADE ERNEST WALLON,"(1.415125, 43.620607)",30,OPEN
288, METZ - RUE DES MARCHANDS,28 RUE DES MARCHANDS,"(1.44293, 43.600021)",36,OPEN
296,ESPAGNE-LANGLADE,"89, route d'Espagne","(1.42447, 43.571858)",13,OPEN
298,ROUTE DE SEYSSES - C. DE VICOSE,Route de Seysses - C. de Viçose,"(1.418239, 43.57179)",13,OPEN
301,LARDENNE - BROMBACH,50 avenue de Lardenne,"(1.40379, 43.592951)",13,OPEN
306,DEODAT - ARCS SAINT CYPRIEN,"13 et 15, rue des Arcs Saint-Cyprien","(1.423003, 43.590111)",13,OPEN
308,SEPT DENIERS - TROÈNES,Carrefour des Troènes - 76 chemin des Sept Deniers,"(1.412027, 43.620967)",13,OPEN
312,BASE DE LOISIRS SESQUIÈRES,Lac de Sesquières  - Devant l'entrée Wam Park,"(1.419854, 43.651836)",13,OPEN
313,RUE DE FENOUILLET - VERNE,"58, rue de Fenouillet","(1.425653, 43.628271)",13,OPEN
320,RC DE LA VIOLETTE,"Face 14, rue Virginia Wolf","(1.438131, 43.654363)",13,OPEN
321,NÉGRENEYS - ANGES,"57, rue des Anges","(1.440963, 43.620308)",13,OPEN
325, PLACE ROGER LOUPIAC,"Place Roger Loupiac - face 1 et 3, rue Thérèse Avondo","(1.450024, 43.648121)",13,OPEN
326,EBELOT - PUJIBET,"Face 55, rue Henri Ebelot (sur le rond-point)","(1.457716, 43.638044)",13,OPEN
327,ROSTAND - EIDENBENZ,"32, 34 rue Edmond Rostand","(1.463566, 43.644197)",13,OPEN
328,NICOL - VASSEUR,"2, rue Vasseur","(1.469891, 43.633437)",13,OPEN
331,LAVAUR - DALOU,"41, rue Jules Dalou - Angle avenue Lavaur","(1.462668, 43.622578)",13,OPEN
332,PLACE ROSINE BET,"1, place Rosine Bet","(1.467356, 43.623677)",13,OPEN
334, GLOIRE - SAINT BERNARD,"1, rue Saint-Bertrand","(1.458483, 43.605557)",13,OPEN
335,COLONNE - REILLE,"Face 5, rue Maréchal Honoré Reille","(1.459543, 43.609218)",13,OPEN
336,COLONNE - SALONIQUE,"Face 90, avenue de la Colonne, 30 m après angle rue de Caillibens","(1.464953, 43.610556)",13,CLOSED
337,HIRAC - HEREDIA,"1, rue David Elbaz","(1.467544, 43.612555)",13,OPEN
344,RIEUX - VAISSE,"58, avenue Jean Rieux","(1.462071, 43.596256)",13,OPEN
345,CASTRES - LASBORDES,"Parking face 241, avenue de Castres","(1.488444, 43.594671)",13,OPEN
348,REVEL - LABEGE,", Rond-point route de Revel / route de Labège face Jardiland et Midas,","(1.49832, 43.570862)",13,OPEN
352,MONTAUDRAN GARE,"10, avenue de l’aérodrome de Montaudran","(1.48022, 43.573248)",13,OPEN
354,DAURAT - CORNEMONT,"2, rue René Cornemont","(1.490184, 43.564922)",13,OPEN
358,SALADE PONSAN - COTEAUX,"2, rue Thomas Edison","(1.451907, 43.567744)",13,OPEN
364,ESPAGNE - GIRONIS,Rond-point Hélène Rouch – route d’Espagne face clinique Médipôle,"(1.425433, 43.563741)",13,CLOSED
367,PARC DE GIRONIS,Parking salle des fêtes de Lafourguette,"(1.413739, 43.564067)",13,OPEN
368,ROUTE DE SEYSSES - BELLEFONTAINE,"Face 10, allée Bellefontaine","(1.406829, 43.562792)",13,OPEN
369,ROUTE DE SEYSSES - RÉGIS,,"(1.390449, 43.548387)",13,OPEN
375,LESTAND - PERGAUD,"32, chemin de Lestang – passage Louis Pergaud","(1.395886, 43.564715)",13,OPEN
376,MAFFRE - BASSO CAMBO,"Avenue du général Eisenhower, face au collège Saint Simon","(1.3944267, 43.5599624)",13,OPEN
377,MONLONG - LOUP,"Face 55, bis chemin du loup","(1.387295, 43.554796)",13,OPEN
379,MAFFRE - BASSO CAMBO,"Rue Robert Maffre, face 123, chemin de Basso Cambo","(1.384967, 43.561453)",13,OPEN
381,LIFFARD - REGUELONGUE,Liffard - Règuelongue,"(1.37828, 43.55978)",13,OPEN
382,LIFFARD - SAINT SIMON,"Face 66, chemin de Liffard","(1.375571, 43.564413)",13,OPEN
386,BORDEBLANCE - BROUSSIN,"16, chemin de Bordeblanche","(1.386115, 43.582717)",13,CLOSED
387,CORIOLIS - DUPOUY,Avenue Gaspard Coriolis,"(1.380815, 43.57913)",13,OPEN
388,LARDENNE - CALQUET,"Face au 145, avenue de Lardenne / Chemin de Calquet","(1.391433, 43.593757)",13,CLOSED
394,BAYONNE - FLAMBERE,"73, route de Bayonne","(1.389792, 43.608267)",13,OPEN
395,BAYONNE - SENTENAC,"Parking face 1, rue René Sentenac (rond-point)","(1.379956, 43.608999)",13,OPEN
396,BAYONNE - SENTENAC,Rue Alain Fournier,"(1.36915, 43.606486)",13,CLOSED
397,NÉGO SAOUMOS - ZIEGLER,"50m avant 5, rue Négo Saoumos","(1.364053, 43.605637)",13,CLOSED
398,MARTRE - CAULET,"6, rue de Caulet - Carrefour rue de Caulet / rue Marius Tercé","(1.355664, 43.606204)",13,OPEN
1031,ORNE CGB ATELIER,16 rue Brouardel,"(1.42676749231545, 43.6091920469971)",6,OPEN
1032,BORNE CGB TEST 2,,"(1.42676749231545, 43.6081920469971)",4,OPEN
